id,name,brand,category,price,image,sizes
1,"Nike","Nike","sneakers",109.35,https://images.stockx.com/images/Nike-Air-Force-1-Low-White-07_V2-Product.jpg?fit=fill&bg=FFFFFF&w=700&h=500&fm=webp&auto=compress&q=90&dpr=2&trim=color&updated_at=1738193358,""
2,"Nike","Nike","sneakers",314.86764705882354,https://images.stockx.com/images/Nike-Kobe-6-Protro-WNBA-Product.jpg?fit=fill&bg=FFFFFF&w=700&h=500&fm=webp&auto=compress&q=90&dpr=2&trim=color&updated_at=1752721594,""
3,"Nike","Nike","sneakers",115.80952380952381,https://images.stockx.com/images/Nike-P-6000-Metallic-Silver-Product.jpg?fit=fill&bg=FFFFFF&w=700&h=500&fm=webp&auto=compress&q=90&dpr=2&trim=color&updated_at=1738193358,""
4,"Nike","Nike","sneakers",72.68888888888888,https://images.stockx.com/images/Nike-Dunk-Low-Retro-White-Black-2021-Product.jpg?fit=fill&bg=FFFFFF&w=700&h=500&fm=webp&auto=compress&q=90&dpr=2&trim=color&updated_at=1738193358,""
5,"Nike","Nike","sneakers",212.41666666666666,https://images.stockx.com/images/Nike-Air-Force-1-Low-Supreme-Box-Logo-Black-Product.jpg?fit=fill&bg=FFFFFF&w=700&h=500&fm=webp&auto=compress&q=90&dpr=2&trim=color&updated_at=1738193358,""
6,"Nike","Nike","sneakers",263.84285714285716,https://images.stockx.com/images/Nike-Kobe-8-Protro-Dodgers-PE-Product.jpg?fit=fill&bg=FFFFFF&w=700&h=500&fm=webp&auto=compress&q=90&dpr=2&trim=color&updated_at=1744390857,""
7,"Nike","Nike","sneakers",188.65079365079364,https://images.stockx.com/images/Nike-Air-Force-1-Low-Supreme-Box-Logo-White-Product.jpg?fit=fill&bg=FFFFFF&w=700&h=500&fm=webp&auto=compress&q=90&dpr=2&trim=color&updated_at=1738193358,""
8,"Nike","Nike","sneakers",261.3695652173913,https://images.stockx.com/images/Nike-Ja-3-Light-Show-Product.jpg?fit=fill&bg=FFFFFF&w=700&h=500&fm=webp&auto=compress&q=90&dpr=2&trim=color&updated_at=1755097751,""
9,"Nike","Nike","sneakers",479.234375,https://images.stockx.com/images/Nike-Kobe-5-Protro-Caitlin-Clark-Indiana-Fever-Product.jpg?fit=fill&bg=FFFFFF&w=700&h=500&fm=webp&auto=compress&q=90&dpr=2&trim=color&updated_at=1751900979,""
10,"Nike","Nike","sneakers",163.5,https://images.stockx.com/images/Nike-Zoom-Vomero-5-Photon-Dust-Metallic-Silver-W-Product.jpg?fit=fill&bg=FFFFFF&w=700&h=500&fm=webp&auto=compress&q=90&dpr=2&trim=color&updated_at=1738193358,""
11,"Nike","Nike","sneakers",182.6734693877551,https://images.stockx.com/images/Nike-Ja-3-Max-Volume-Product.jpg?fit=fill&bg=FFFFFF&w=700&h=500&fm=webp&auto=compress&q=90&dpr=2&trim=color&updated_at=1756147141,""
12,"Nike","Nike","sneakers",379.3157894736842,https://images.stockx.com/images/Nike-SB-Dunk-Low-Supreme-94-Black-Product.jpg?fit=fill&bg=FFFFFF&w=700&h=500&fm=webp&auto=compress&q=90&dpr=2&trim=color&updated_at=1757452767,""
13,"Nike","Nike","sneakers",275.72463768115944,https://images.stockx.com/images/Nike-Kobe-8-Protro-What-The-2025-Product.jpg?fit=fill&bg=FFFFFF&w=700&h=500&fm=webp&auto=compress&q=90&dpr=2&trim=color&updated_at=1743628180,""
14,"Nike","Nike","sneakers",102.34,https://images.stockx.com/images/Nike-Air-Force-1-07-Black-Black-Product.jpg?fit=fill&bg=FFFFFF&w=700&h=500&fm=webp&auto=compress&q=90&dpr=2&trim=color&updated_at=1738193358,""
15,"Nike","Nike","sneakers",65.52380952380952,https://images.stockx.com/images/Nike-Dunk-Low-White-Black-2021-W-Product.jpg?fit=fill&bg=FFFFFF&w=700&h=500&fm=webp&auto=compress&q=90&dpr=2&trim=color&updated_at=1738193358,""
16,"Nike","Nike","sneakers",172.87755102040816,https://images.stockx.com/images/Nike-Zoom-Vomero-5-Metallic-Gold-Womens-Product.jpg?fit=fill&bg=FFFFFF&w=700&h=500&fm=webp&auto=compress&q=90&dpr=2&trim=color&updated_at=1738193358,""
17,"Nike","Nike","sneakers",536.5090909090909,https://images.stockx.com/images/Nike-SB-Dunk-Low-Supreme-94-Ocean-Fog-Product.jpg?fit=fill&bg=FFFFFF&w=700&h=500&fm=webp&auto=compress&q=90&dpr=2&trim=color&updated_at=1757441421,""
18,"Nike","Nike","shoes/sneakers",82.52631578947368,https://images.stockx.com/images/Nike-ReactX-Rejuven8-Triple-Black-Product.jpg?fit=fill&bg=FFFFFF&w=700&h=500&fm=webp&auto=compress&q=90&dpr=2&trim=color&updated_at=1741385811,""
19,"Nike","Nike","sneakers",271.05,https://images.stockx.com/images/Nike-Air-Force-1-Low-Protro-Kobe-Bryant-Mamba-Mentality-Product.jpg?fit=fill&bg=FFFFFF&w=700&h=500&fm=webp&auto=compress&q=90&dpr=2&trim=color&updated_at=1749676197,""
20,"Nike","Nike","sneakers",238.8135593220339,https://images.stockx.com/images/Nike-Air-Max-95-Corteiz-Black-Tour-Yellow-Product.jpg?fit=fill&bg=FFFFFF&w=700&h=500&fm=webp&auto=compress&q=90&dpr=2&trim=color&updated_at=1746825096,""
21,"Nike","Nike","sneakers",196.09677419354838,https://images.stockx.com/images/Nike-AOne-Pink-Aura-Womens-Product.jpg?fit=fill&bg=FFFFFF&w=700&h=500&fm=webp&auto=compress&q=90&dpr=2&trim=color&updated_at=1747676355,""
22,"Nike","Nike","sneakers",113.55555555555556,https://images.stockx.com/images/Nike-P-6000-White-Metallic-Silver-Black-Product.jpg?fit=fill&bg=FFFFFF&w=700&h=500&fm=webp&auto=compress&q=90&dpr=2&trim=color&updated_at=1744390877,""
23,"Nike","Nike","sneakers",142.30188679245282,https://images.stockx.com/images/Nike-Air-Force-1-Low-Kobe-Bryant-Forever-White-Product.jpg?fit=fill&bg=FFFFFF&w=700&h=500&fm=webp&auto=compress&q=90&dpr=2&trim=color&updated_at=1752699982,""
24,"Nike","Nike","sneakers",54.5,https://images.stockx.com/images/Nike-Dunk-Low-Retro-White-Black-GS-Product.jpg?fit=fill&bg=FFFFFF&w=700&h=500&fm=webp&auto=compress&q=90&dpr=2&trim=color&updated_at=1738193358,""
25,"Nike","Nike","sneakers",108.3265306122449,https://images.stockx.com/images/Nike-Dunk-Low-Grey-Fog-Product.jpg?fit=fill&bg=FFFFFF&w=700&h=500&fm=webp&auto=compress&q=90&dpr=2&trim=color&updated_at=1738193358,""
26,"Nike","Nike","sneakers",96.75555555555556,https://images.stockx.com/images/Nike-Dunk-Low-Photon-Dust-W-Product.jpg?fit=fill&bg=FFFFFF&w=700&h=500&fm=webp&auto=compress&q=90&dpr=2&trim=color&updated_at=1738193358,""
27,"Nike","Nike","sneakers",395.5820895522388,https://images.stockx.com/images/Nike-Kobe-6-Protro-Sail-Product.jpg?fit=fill&bg=FFFFFF&w=700&h=500&fm=webp&auto=compress&q=90&dpr=2&trim=color&updated_at=1739302365,""
28,"Nike","Nike","sneakers",490.3492063492063,https://images.stockx.com/images/Nike-KD-17-Aunt-Pearl-Product.jpg?fit=fill&bg=FFFFFF&w=700&h=500&fm=webp&auto=compress&q=90&dpr=2&trim=color&updated_at=1738193358,""
29,"Nike","Nike","sneakers",214.25,https://images.stockx.com/images/Nike-Vapor-Edge-360-Untouchable-Mid-Black-White-Product.jpg?fit=fill&bg=FFFFFF&w=700&h=500&fm=webp&auto=compress&q=90&dpr=2&trim=color&updated_at=1738193358,""
30,"Nike","Nike","sneakers",181.22857142857143,https://images.stockx.com/images/Nike-Kobe-8-Protro-What-The-2025-GS-Product.jpg?fit=fill&bg=FFFFFF&w=700&h=500&fm=webp&auto=compress&q=90&dpr=2&trim=color&updated_at=1745506426,""
31,"Nike","Nike","sneakers",153.9245283018868,https://images.stockx.com/images/Nike-SB-Dunk-Low-Arts-Rec-Product.jpg?fit=fill&bg=FFFFFF&w=700&h=500&fm=webp&auto=compress&q=90&dpr=2&trim=color&updated_at=1753218405,""
32,"Nike","Nike","sneakers",155.5185185185185,https://images.stockx.com/images/Nike-Vomero-5-Triple-Black-Product.jpg?fit=fill&bg=FFFFFF&w=700&h=500&fm=webp&auto=compress&q=90&dpr=2&trim=color&updated_at=1738193358,""
33,"Nike","Nike","sneakers",168.26666666666668,https://images.stockx.com/images/Nike-Killshot-2-LTR-PRM-Tiempo-Pack-Black-Product.jpg?fit=fill&bg=FFFFFF&w=700&h=500&fm=webp&auto=compress&q=90&dpr=2&trim=color&updated_at=1738193358,""
34,"Nike","Nike","sneakers",209.92,https://images.stockx.com/images/Nike-Air-VaporMax-Plus-Triple-Black-Product.jpg?fit=fill&bg=FFFFFF&w=700&h=500&fm=webp&auto=compress&q=90&dpr=2&trim=color&updated_at=1738193358,""
35,"Nike","Nike","sneakers",113.53061224489795,https://images.stockx.com/images/Nike-P-6000-Black-Product.jpg?fit=fill&bg=FFFFFF&w=700&h=500&fm=webp&auto=compress&q=90&dpr=2&trim=color&updated_at=1738193358,""
36,"Nike","Nike","sneakers/shoes",226.97916666666666,https://images.stockx.com/images/Nike-Vapor-Edge-360-Untouchable-Mid-White-Metallic-Silver-Product.jpg?fit=fill&bg=FFFFFF&w=700&h=500&fm=webp&auto=compress&q=90&dpr=2&trim=color&updated_at=1751901191,""
37,"Nike","Nike","sneakers",238.56363636363636,https://images.stockx.com/images/Nike-SB-Dunk-Low-Supreme-94-White-Metallic-Silver-Product.jpg?fit=fill&bg=FFFFFF&w=700&h=500&fm=webp&auto=compress&q=90&dpr=2&trim=color&updated_at=1757452766,""
38,"Nike","Nike","sneakers",251.85185185185185,https://images.stockx.com/images/Nike-Air-Max-95-OG-Big-Bubble-Blue-Spark-Product.jpg?fit=fill&bg=FFFFFF&w=700&h=500&fm=webp&auto=compress&q=90&dpr=2&trim=color&updated_at=1754687350,""
39,"Nike","Nike","sneakers",205.6346153846154,https://images.stockx.com/images/Nike-Air-Max-95-SB-Cactus-Flower-Product.jpg?fit=fill&bg=FFFFFF&w=700&h=500&fm=webp&auto=compress&q=90&dpr=2&trim=color&updated_at=1753997635,""
40,"Nike","Nike","sneakers",169.8139534883721,https://images.stockx.com/images/Nike-Air-Max-Plus-Triple-Black-Product.jpg?fit=fill&bg=FFFFFF&w=700&h=500&fm=webp&auto=compress&q=90&dpr=2&trim=color&updated_at=1738193358,""
41,"Nike","Nike","sneakers",279.2,https://images.stockx.com/images/Nike-Kobe-4-Protro-FC-Barcelona-Team-Gold-Product.jpg?fit=fill&bg=FFFFFF&w=700&h=500&fm=webp&auto=compress&q=90&dpr=2&trim=color&updated_at=1754545527,""
42,"Nike","Nike","shoes/sneakers",74.3076923076923,https://images.stockx.com/images/Nike-ReactX-Rejuven8-Light-Orewood-Brown-Product.jpg?fit=fill&bg=FFFFFF&w=700&h=500&fm=webp&auto=compress&q=90&dpr=2&trim=color&updated_at=1741385790,""
43,"Nike","Nike","sneakers",163.8653846153846,https://images.stockx.com/images/Nike-SB-Dunk-Low-Hayley-Wilson-Product.jpg?fit=fill&bg=FFFFFF&w=700&h=500&fm=webp&auto=compress&q=90&dpr=2&trim=color&updated_at=1748963348,""
44,"Nike","Nike","sneakers",124.18367346938776,https://images.stockx.com/images/Nike-Dunk-Low-Retro-University-Blue-Product.jpg?fit=fill&bg=FFFFFF&w=700&h=500&fm=webp&auto=compress&q=90&dpr=2&trim=color&updated_at=1738193358,""
45,"Nike","Nike","sneakers",196.46,https://images.stockx.com/images/Nike-SB-Dunk-Low-Yuto-Horigome-Asparagus-Product.jpg?fit=fill&bg=FFFFFF&w=700&h=500&fm=webp&auto=compress&q=90&dpr=2&trim=color&updated_at=1741381489,""
46,"Nike","Nike","sneakers",261.0181818181818,https://images.stockx.com/images/Nike-Air-Max-95-OG-Levis-Black-Product.jpg?fit=fill&bg=FFFFFF&w=700&h=500&fm=webp&auto=compress&q=90&dpr=2&trim=color&updated_at=1752613858,""
47,"Nike","Nike","sneakers",220.88636363636363,https://images.stockx.com/images/Nike-Air-Trainer-Huarache-Cool-Blue-Black-Product.jpg?fit=fill&bg=FFFFFF&w=700&h=500&fm=webp&auto=compress&q=90&dpr=2&trim=color&updated_at=1754428103,""
48,"adidas","adidas","sneakers",152.28205128205127,https://images.stockx.com/images/adidas-Yeezy-Slide-Slate-Marine-Product.jpg?fit=fill&bg=FFFFFF&w=700&h=500&fm=webp&auto=compress&q=90&dpr=2&trim=color&updated_at=1738193358,""
49,"adidas","adidas","sneakers",227.73684210526315,https://images.stockx.com/images/adidas-Yeezy-Slide-Black-Product.jpg?fit=fill&bg=FFFFFF&w=700&h=500&fm=webp&auto=compress&q=90&dpr=2&trim=color&updated_at=1738193358,""
50,"adidas","adidas","sneakers",68.23076923076923,https://images.stockx.com/images/adidas-Samba-OG-Cloud-White-Core-Black-Product.jpg?fit=fill&bg=FFFFFF&w=700&h=500&fm=webp&auto=compress&q=90&dpr=2&trim=color&updated_at=1738193358,""
51,"adidas","adidas","sneakers",228.9848484848485,https://images.stockx.com/images/adidas-Gazelle-Indoor-Bad-Bunny-Wonder-Clay-Product.jpg?fit=fill&bg=FFFFFF&w=700&h=500&fm=webp&auto=compress&q=90&dpr=2&trim=color&updated_at=1752249117,""
52,"adidas","adidas","sneakers",192.1060606060606,https://images.stockx.com/images/adidas-Yeezy-Boost-350-V2-Pure-Oat-Product.jpg?fit=fill&bg=FFFFFF&w=700&h=500&fm=webp&auto=compress&q=90&dpr=2&trim=color&updated_at=1738193358,""
53,"adidas","adidas","sneakers",125.15789473684211,https://images.stockx.com/images/adidas-Yeezy-Foam-RNNR-Onyx-Product.jpg?fit=fill&bg=FFFFFF&w=700&h=500&fm=webp&auto=compress&q=90&dpr=2&trim=color&updated_at=1738193358,""
54,"adidas","adidas","sneakers",200.9189189189189,https://images.stockx.com/images/adidas-Yeezy-Slide-Slate-Grey-Product.jpg?fit=fill&bg=FFFFFF&w=700&h=500&fm=webp&auto=compress&q=90&dpr=2&trim=color&updated_at=1738193358,""
55,"adidas","adidas","sneakers",276.2535211267606,https://images.stockx.com/images/adidas-Yeezy-Boost-350-V2-Onyx-Product.jpg?fit=fill&bg=FFFFFF&w=700&h=500&fm=webp&auto=compress&q=90&dpr=2&trim=color&updated_at=1738193358,""
56,"adidas","adidas","sneakers",121.19047619047619,https://images.stockx.com/images/adidas-Samba-OG-Preloved-Red-Leopard-Womens-Product.jpg?fit=fill&bg=FFFFFF&w=700&h=500&fm=webp&auto=compress&q=90&dpr=2&trim=color&updated_at=1738344168,""
57,"adidas","adidas","sneakers",199.56140350877192,https://images.stockx.com/images/adidas-Yeezy-Boost-350-V2-MX-Dark-Salt-Product.jpg?fit=fill&bg=FFFFFF&w=700&h=500&fm=webp&auto=compress&q=90&dpr=2&trim=color&updated_at=1738193358,""
58,"adidas","adidas","sneakers",183.32835820895522,https://images.stockx.com/images/adidas-Yeezy-Boost-350-V2-Steel-Grey-Product.jpg?fit=fill&bg=FFFFFF&w=700&h=500&fm=webp&auto=compress&q=90&dpr=2&trim=color&updated_at=1738193358,""
59,"adidas","adidas","sneakers",215.1315789473684,https://images.stockx.com/images/adidas-Yeezy-Slide-Dark-Onyx-Product.jpg?fit=fill&bg=FFFFFF&w=700&h=500&fm=webp&auto=compress&q=90&dpr=2&trim=color&updated_at=1738193358,""
60,"adidas","adidas","sneakers",129.83333333333334,https://images.stockx.com/images/adidas-Samba-OG-Silver-Metallic-Cracked-Leather-Womens-Product.jpg?fit=fill&bg=FFFFFF&w=700&h=500&fm=webp&auto=compress&q=90&dpr=2&trim=color&updated_at=1743023463,""
61,"adidas","adidas","sneakers",122.55263157894737,https://images.stockx.com/images/adidas-Yeezy-Slide-Azure-Product.jpg?fit=fill&bg=FFFFFF&w=700&h=500&fm=webp&auto=compress&q=90&dpr=2&trim=color&updated_at=1738193358,""
62,"adidas","adidas","sneakers",200.35135135135135,https://images.stockx.com/images/adidas-Yeezy-Slide-Granite-Product.jpg?fit=fill&bg=FFFFFF&w=700&h=500&fm=webp&auto=compress&q=90&dpr=2&trim=color&updated_at=1758488860,""
63,"adidas","adidas","sneakers",116.78181818181818,https://images.stockx.com/images/adidas-Yeezy-500-Stone-Salt-Product.jpg?fit=fill&bg=FFFFFF&w=700&h=500&fm=webp&auto=compress&q=90&dpr=2&trim=color&updated_at=1738193358,""
64,"adidas","adidas","sneakers",105.9,https://images.stockx.com/images/adidas-Handball-Spezial-Earth-Strata-Gum-Womens-Product.jpg?fit=fill&bg=FFFFFF&w=700&h=500&fm=webp&auto=compress&q=90&dpr=2&trim=color&updated_at=1738193358,""
65,"adidas","adidas","sneakers",145.43589743589743,https://images.stockx.com/images/adidas-Samba-Jane-Scarlet-White-Gum-Womens-Product.jpg?fit=fill&bg=FFFFFF&w=700&h=500&fm=webp&auto=compress&q=90&dpr=2&trim=color&updated_at=1749624750,""
66,"adidas","adidas","sneakers",181.46153846153845,https://images.stockx.com/images/adidas-Yeezy-350-V2-Carbon-Beluga-Product.jpg?fit=fill&bg=FFFFFF&w=700&h=500&fm=webp&auto=compress&q=90&dpr=2&trim=color&updated_at=1738193358,""
67,"adidas","adidas","sneakers",95.67567567567568,https://images.stockx.com/images/adidas-Yeezy-Foam-RNR-MX-Granite-Product.jpg?fit=fill&bg=FFFFFF&w=700&h=500&fm=webp&auto=compress&q=90&dpr=2&trim=color&updated_at=1738193358,""
68,"adidas","adidas","sneakers",66.29032258064517,https://images.stockx.com/images/adidas-Campus-00s-Core-Black-Product.jpg?fit=fill&bg=FFFFFF&w=700&h=500&fm=webp&auto=compress&q=90&dpr=2&trim=color&updated_at=1738193358,""
69,"adidas","adidas","sneakers",71.14035087719299,https://images.stockx.com/images/adidas-Samba-Black-White-Gum-Product.jpg?fit=fill&bg=FFFFFF&w=700&h=500&fm=webp&auto=compress&q=90&dpr=2&trim=color&updated_at=1738193358,""
70,"adidas","adidas","sneakers",138.32432432432432,https://images.stockx.com/images/adidas-Samba-Jane-Black-White-Gum-Womens-Product.jpg?fit=fill&bg=FFFFFF&w=700&h=500&fm=webp&auto=compress&q=90&dpr=2&trim=color&updated_at=1749849094,""
71,"adidas","adidas","sneakers",226.59459459459458,https://images.stockx.com/images/adidas-Yeezy-Slide-Bone-2022-Product.jpg?fit=fill&bg=FFFFFF&w=700&h=500&fm=webp&auto=compress&q=90&dpr=2&trim=color&updated_at=1738193358,""
72,"adidas","adidas","sneakers",253.4915254237288,https://images.stockx.com/images/adidas-Yeezy-Boost-350-V2-Dazzling-Blue-Product.jpg?fit=fill&bg=FFFFFF&w=700&h=500&fm=webp&auto=compress&q=90&dpr=2&trim=color&updated_at=1738193358,""
73,"adidas","adidas","sneakers",139.2325581395349,https://images.stockx.com/images/adidas-Samba-Jane-White-Black-Gum-Womens-Product.jpg?fit=fill&bg=FFFFFF&w=700&h=500&fm=webp&auto=compress&q=90&dpr=2&trim=color&updated_at=1749157553,""
74,"adidas","adidas","sneakers",297.98,https://images.stockx.com/images/adidas-Yeezy-Desert-Boot-Salt-Product.jpg?fit=fill&bg=FFFFFF&w=700&h=500&fm=webp&auto=compress&q=90&dpr=2&trim=color&updated_at=1738193358,""
75,"adidas","adidas","sneakers",119.23809523809524,https://images.stockx.com/images/adidas-Yeezy-Foam-RNR-Carbon-Product.jpg?fit=fill&bg=FFFFFF&w=700&h=500&fm=webp&auto=compress&q=90&dpr=2&trim=color&updated_at=1738193358,""
76,"adidas","adidas","sneakers",70.125,https://images.stockx.com/images/adidas-Samba-OG-Cloud-White-Core-Black-Womens-Product.jpg?fit=fill&bg=FFFFFF&w=700&h=500&fm=webp&auto=compress&q=90&dpr=2&trim=color&updated_at=1738193358,""
77,"adidas","adidas","sneakers",145.75675675675674,https://images.stockx.com/images/adidas-Yeezy-Slide-Salt-Product.jpg?fit=fill&bg=FFFFFF&w=700&h=500&fm=webp&auto=compress&q=90&dpr=2&trim=color&updated_at=1738193358,""
78,"adidas","adidas","sneakers",153.13793103448276,https://images.stockx.com/images/adidas-Yeezy-700-V3-Fade-Salt-Product.jpg?fit=fill&bg=FFFFFF&w=700&h=500&fm=webp&auto=compress&q=90&dpr=2&trim=color&updated_at=1738193358,""
79,"adidas","adidas","sneakers",404.76363636363635,https://images.stockx.com/images/adidas-Yeezy-Wave-Runner-700-Solid-Grey-Product.jpg?fit=fill&bg=FFFFFF&w=700&h=500&fm=webp&auto=compress&q=90&dpr=2&trim=color&updated_at=1738193358,""
80,"adidas","adidas","sneakers",132.33962264150944,https://images.stockx.com/images/adidas-BW-Army-Lux-White-Gum-Product.jpg?fit=fill&bg=FFFFFF&w=700&h=500&fm=webp&auto=compress&q=90&dpr=2&trim=color&updated_at=1744837943,""
81,"adidas","adidas","sneakers",102.91666666666667,https://images.stockx.com/images/adidas-Yeezy-Foam-RNNR-MX-Brown-Blue-Product.jpg?fit=fill&bg=FFFFFF&w=700&h=500&fm=webp&auto=compress&q=90&dpr=2&trim=color&updated_at=1738193358,""
82,"adidas","adidas","sneakers",120.02777777777777,https://images.stockx.com/images/adidas-Ultra-Boost-10-DNA-Triple-White-Product.jpg?fit=fill&bg=FFFFFF&w=700&h=500&fm=webp&auto=compress&q=90&dpr=2&trim=color&updated_at=1738193358,""
83,"adidas","adidas","sneakers",304.9761904761905,https://images.stockx.com/images/adidas-Gazelle-Indoor-Bad-Bunny-Product.jpg?fit=fill&bg=FFFFFF&w=700&h=500&fm=webp&auto=compress&q=90&dpr=2&trim=color&updated_at=1738193358,""
84,"adidas","adidas","sneakers",155.43589743589743,https://images.stockx.com/images/adidas-Samba-OG-Maroon-Gold-Metallic-Product.jpg?fit=fill&bg=FFFFFF&w=700&h=500&fm=webp&auto=compress&q=90&dpr=2&trim=color&updated_at=1738193358,""
85,"adidas","adidas","sneakers",329.7049180327869,https://images.stockx.com/images/adidas-Yeezy-Boost-350-V2-Zebra-Product.jpg?fit=fill&bg=FFFFFF&w=700&h=500&fm=webp&auto=compress&q=90&dpr=2&trim=color&updated_at=1738193358,""
86,"adidas","adidas","sneakers",133.67924528301887,https://images.stockx.com/images/adidas-Yeezy-700-V3-Copper-Fade-Product.jpg?fit=fill&bg=FFFFFF&w=700&h=500&fm=webp&auto=compress&q=90&dpr=2&trim=color&updated_at=1738193358,""
87,"adidas","adidas","sneakers",131.06060606060606,https://images.stockx.com/images/adidas-Climamog-Off-White-Product.jpg?fit=fill&bg=FFFFFF&w=700&h=500&fm=webp&auto=compress&q=90&dpr=2&trim=color&updated_at=1738193358,""
88,"adidas","adidas","sneakers",323.3265306122449,https://images.stockx.com/images/adidas-Yeezy-700-V3-Blue-Glow-Product.jpg?fit=fill&bg=FFFFFF&w=700&h=500&fm=webp&auto=compress&q=90&dpr=2&trim=color&updated_at=1738193358,""
89,"adidas","adidas","sneakers",93.55357142857143,https://images.stockx.com/images/adidas-Handball-Spezial-Navy-Gum-Product.jpg?fit=fill&bg=FFFFFF&w=700&h=500&fm=webp&auto=compress&q=90&dpr=2&trim=color&updated_at=1738193358,""
90,"adidas","adidas","sneakers",93.47826086956522,https://images.stockx.com/images/adidas-Samba-OG-Cream-White-Sand-Strata-Womens-Product.jpg?fit=fill&bg=FFFFFF&w=700&h=500&fm=webp&auto=compress&q=90&dpr=2&trim=color&updated_at=1738193358,""
91,"adidas","adidas","sneakers",237.2037037037037,https://images.stockx.com/images/adidas-Yeezy-Boost-350-V2-Slate-Core-Black-Slate-Product.jpg?fit=fill&bg=FFFFFF&w=700&h=500&fm=webp&auto=compress&q=90&dpr=2&trim=color&updated_at=1743490772,""
92,"adidas","adidas","sneakers",194.11627906976744,https://images.stockx.com/images/adidas-Campus-Light-Bad-Bunny-Deep-Brown-Product.jpg?fit=fill&bg=FFFFFF&w=700&h=500&fm=webp&auto=compress&q=90&dpr=2&trim=color&updated_at=1738193358,""
93,"adidas","adidas","sneakers",343.55,https://images.stockx.com/images/adidas-Yeezy-Boost-350-V2-Core-Black-Red-2017-Product.jpg?fit=fill&bg=FFFFFF&w=700&h=500&fm=webp&auto=compress&q=90&dpr=2&trim=color&updated_at=1738193358,""
94,"adidas","adidas","shoes/sneakers",136.7674418604651,https://images.stockx.com/images/adidas-Taekwondo-Mei-Ballet-Black-White-Womens-Product.jpg?fit=fill&bg=FFFFFF&w=700&h=500&fm=webp&auto=compress&q=90&dpr=2&trim=color&updated_at=1742845197,""
95,"adidas","adidas","sneakers",135.66666666666666,https://images.stockx.com/images/adidas-Yeezy-450-Utility-Black-Product.jpg?fit=fill&bg=FFFFFF&w=700&h=500&fm=webp&auto=compress&q=90&dpr=2&trim=color&updated_at=1738193358,""
96,"adidas","adidas","sneakers",165.5142857142857,https://images.stockx.com/images/adidas-Yeezy-Slide-Flax-Product.jpg?fit=fill&bg=FFFFFF&w=700&h=500&fm=webp&auto=compress&q=90&dpr=2&trim=color&updated_at=1738193358,""
97,"adidas","adidas","sneakers",84.05357142857143,https://images.stockx.com/images/adidas-Campus-00s-Grey-White-Product.jpg?fit=fill&bg=FFFFFF&w=700&h=500&fm=webp&auto=compress&q=90&dpr=2&trim=color&updated_at=1738193358,""
98,"Jordan","Jordan","sneakers",263.03636363636366,https://images.stockx.com/images/Air-Jordan-4-Retro-White-Cement-2025-Product.jpg?fit=fill&bg=FFFFFF&w=700&h=500&fm=webp&auto=compress&q=90&dpr=2&trim=color&updated_at=1743628198,""
99,"Jordan","Jordan","sneakers",354.1803278688525,https://images.stockx.com/images/Air-Jordan-4-Retro-OG-SP-Undefeated-2025-Product.jpg?fit=fill&bg=FFFFFF&w=700&h=500&fm=webp&auto=compress&q=90&dpr=2&trim=color&updated_at=1753819868,""
100,"Jordan","Jordan","sneakers",221.83018867924528,https://images.stockx.com/images/Air-Jordan-4-Retro-Rare-Air-Product.jpg?fit=fill&bg=FFFFFF&w=700&h=500&fm=webp&auto=compress&q=90&dpr=2&trim=color&updated_at=1741385182,""
101,"Jordan","Jordan","sneakers",184.79591836734693,https://images.stockx.com/images/Air-Jordan-3-Retro-Pure-Money-2025-Product.jpg?fit=fill&bg=FFFFFF&w=700&h=500&fm=webp&auto=compress&q=90&dpr=2&trim=color&updated_at=1752095550,""
102,"Jordan","Jordan","sneakers",300.7586206896552,https://images.stockx.com/images/Air-Jordan-4-Retro-Fear-2024-Product.jpg?fit=fill&bg=FFFFFF&w=700&h=500&fm=webp&auto=compress&q=90&dpr=2&trim=color&updated_at=1738193358,""
103,"Jordan","Jordan","sneakers",158.625,https://images.stockx.com/images/Air-Jordan-4-Retro-White-Cement-2025-GS-Product.jpg?fit=fill&bg=FFFFFF&w=700&h=500&fm=webp&auto=compress&q=90&dpr=2&trim=color&updated_at=1748034325,""
104,"Jordan","Jordan","sneakers",235.54285714285714,https://images.stockx.com/images/Air-Jordan-5-Retro-Grape-2025-Product.jpg?fit=fill&bg=FFFFFF&w=700&h=500&fm=webp&auto=compress&q=90&dpr=2&trim=color&updated_at=1747675227,""
105,"Jordan","Jordan","sneakers",227.94444444444446,https://images.stockx.com/images/Air-Jordan-8-Retro-Aqua-2025-Product.jpg?fit=fill&bg=FFFFFF&w=700&h=500&fm=webp&auto=compress&q=90&dpr=2&trim=color&updated_at=1753120139,""
106,"Jordan","Jordan","sneakers",249.1549295774648,https://images.stockx.com/images/Air-Jordan-4-Retro-SB-Navy-Product.jpg?fit=fill&bg=FFFFFF&w=700&h=500&fm=webp&auto=compress&q=90&dpr=2&trim=color&updated_at=1740411181,""
107,"Jordan","Jordan","sneakers",199.15686274509804,https://images.stockx.com/images/Air-Jordan-11-Retro-Low-Bred-2025-Product.jpg?fit=fill&bg=FFFFFF&w=700&h=500&fm=webp&auto=compress&q=90&dpr=2&trim=color&updated_at=1744933373,""
108,"Jordan","Jordan","sneakers",176.11940298507463,https://images.stockx.com/images/Air-Jordan-1-Retro-High-OG-Shattered-Backboard-2025-Product.jpg?fit=fill&bg=FFFFFF&w=700&h=500&fm=webp&auto=compress&q=90&dpr=2&trim=color&updated_at=1751663545,""
109,"Jordan","Jordan","sneakers",255.30434782608697,https://images.stockx.com/images/Air-Jordan-1-Retro-Low-OG-Nigel-Sylvester-Nitro-Product.jpg?fit=fill&bg=FFFFFF&w=700&h=500&fm=webp&auto=compress&q=90&dpr=2&trim=color&updated_at=1753998468,""
110,"Jordan","Jordan","sneakers",249.67241379310346,https://images.stockx.com/images/Air-Jordan-3-Retro-Black-Cement-Reimagined-Product.jpg?fit=fill&bg=FFFFFF&w=700&h=500&fm=webp&auto=compress&q=90&dpr=2&trim=color&updated_at=1738193358,""
111,"Jordan","Jordan","sneakers",239.6764705882353,https://images.stockx.com/images/Air-Jordan-11-Retro-Legend-Blue-2024-Product.jpg?fit=fill&bg=FFFFFF&w=700&h=500&fm=webp&auto=compress&q=90&dpr=2&trim=color&updated_at=1738193358,""
112,"Jordan","Jordan","sneakers",225.25,https://images.stockx.com/images/Air-Jordan-4-Retro-Cave-Stone-Product.jpg?fit=fill&bg=FFFFFF&w=700&h=500&fm=webp&auto=compress&q=90&dpr=2&trim=color&updated_at=1755810554,""
113,"Jordan","Jordan","sneakers",349.02222222222224,https://images.stockx.com/images/Air-Jordan-10-Retro-OG-Steel-Product.jpg?fit=fill&bg=FFFFFF&w=700&h=500&fm=webp&auto=compress&q=90&dpr=2&trim=color&updated_at=1753282470,""
114,"Jordan","Jordan","sneakers",397.45098039215685,https://images.stockx.com/images/Air-Jordan-14-Retro-Ferrari-2025-Product.jpg?fit=fill&bg=FFFFFF&w=700&h=500&fm=webp&auto=compress&q=90&dpr=2&trim=color&updated_at=1748015496,""
115,"Jordan","Jordan","sneakers",186.25757575757575,https://images.stockx.com/images/Air-Jordan-3-Retro-OG-Rare-Air-Product.jpg?fit=fill&bg=FFFFFF&w=700&h=500&fm=webp&auto=compress&q=90&dpr=2&trim=color&updated_at=1743628196,""
116,"Jordan","Jordan","sneakers",318.5869565217391,https://images.stockx.com/images/Air-Jordan-3-Retro-Black-Cat-2025-Product.jpg?fit=fill&bg=FFFFFF&w=700&h=500&fm=webp&auto=compress&q=90&dpr=2&trim=color&updated_at=1738193358,""
117,"Jordan","Jordan","sneakers",201.37777777777777,https://images.stockx.com/images/Air-Jordan-4-Retro-Forget-Me-Not-Product.jpg?fit=fill&bg=FFFFFF&w=700&h=500&fm=webp&auto=compress&q=90&dpr=2&trim=color&updated_at=1743628190,""
118,"Jordan","Jordan","sneakers",487.3970588235294,https://images.stockx.com/images/Air-Jordan-1-Retro-Low-OG-SP-Travis-Scott-Velvet-Brown-Product.jpg?fit=fill&bg=FFFFFF&w=700&h=500&fm=webp&auto=compress&q=90&dpr=2&trim=color&updated_at=1738193358,""
119,"Jordan","Jordan","sneakers",189.46,https://images.stockx.com/images/Air-Jordan-12-Retro-French-Blue-2025-Product.jpg?fit=fill&bg=FFFFFF&w=700&h=500&fm=webp&auto=compress&q=90&dpr=2&trim=color&updated_at=1755096596,""
120,"Jordan","Jordan","sneakers",267.5571428571429,https://images.stockx.com/images/Air-Jordan-4-Retro-Military-Blue-2024-Product.jpg?fit=fill&bg=FFFFFF&w=700&h=500&fm=webp&auto=compress&q=90&dpr=2&trim=color&updated_at=1738193358,""
121,"Jordan","Jordan","sneakers",143.3968253968254,https://images.stockx.com/images/Air-Jordan-1-Retro-High-OG-UNC-Reimagined-Product.jpg?fit=fill&bg=FFFFFF&w=700&h=500&fm=webp&auto=compress&q=90&dpr=2&trim=color&updated_at=1744933337,""
122,"Jordan","Jordan","sneakers",124.79166666666667,https://images.stockx.com/images/Air-Jordan-11-Retro-Low-Bred-2025-GS-Product.jpg?fit=fill&bg=FFFFFF&w=700&h=500&fm=webp&auto=compress&q=90&dpr=2&trim=color&updated_at=1743702361,""
123,"Jordan","Jordan","sneakers",264.0576923076923,https://images.stockx.com/images/Air-Jordan-12-Retro-Flu-Game-2025-Product.jpg?fit=fill&bg=FFFFFF&w=700&h=500&fm=webp&auto=compress&q=90&dpr=2&trim=color&updated_at=1740684335,""
124,"Jordan","Jordan","sneakers",219.25,https://images.stockx.com/images/Air-Jordan-5-Retro-Fire-Red-Black-Tongue-2025-Product.jpg?fit=fill&bg=FFFFFF&w=700&h=500&fm=webp&auto=compress&q=90&dpr=2&trim=color&updated_at=1756326085,""
125,"Jordan","Jordan","sneakers",707.703125,https://images.stockx.com/images/Air-Jordan-1-Retro-Low-OG-SP-Medium-Olive-Product.jpg?fit=fill&bg=FFFFFF&w=700&h=500&fm=webp&auto=compress&q=90&dpr=2&trim=color&updated_at=1741099152,""
126,"Jordan","Jordan","sneakers",450.13432835820896,https://images.stockx.com/images/Air-Jordan-5-Retro-OG-Black-Metallic-Reimagined-Product.jpg?fit=fill&bg=FFFFFF&w=700&h=500&fm=webp&auto=compress&q=90&dpr=2&trim=color&updated_at=1738617131,""
127,"Jordan","Jordan","sneakers",126,https://images.stockx.com/images/Air-Jordan-1-Retro-High-OG-Black-Toe-Reimagined-Product.jpg?fit=fill&bg=FFFFFF&w=700&h=500&fm=webp&auto=compress&q=90&dpr=2&trim=color&updated_at=1738193358,""
128,"Jordan","Jordan","sneakers",294.5074626865672,https://images.stockx.com/images/Air-Jordan-4-Retro-Bred-Reimagined-Product.jpg?fit=fill&bg=FFFFFF&w=700&h=500&fm=webp&auto=compress&q=90&dpr=2&trim=color&updated_at=1738193358,""
129,"Jordan","Jordan","sneakers",464.75384615384615,https://images.stockx.com/images/Air-Jordan-4-Retro-White-Thunder-Product.jpg?fit=fill&bg=FFFFFF&w=700&h=500&fm=webp&auto=compress&q=90&dpr=2&trim=color&updated_at=1738193358,""
130,"Jordan","Jordan","sneakers",132.52727272727273,https://images.stockx.com/images/Air-Jordan-1-Low-OG-Rookie-of-the-Year-Product.jpg?fit=fill&bg=FFFFFF&w=700&h=500&fm=webp&auto=compress&q=90&dpr=2&trim=color&updated_at=1738193358,""
131,"Jordan","Jordan","sneakers",281.3181818181818,https://images.stockx.com/images/Air-Jordan-1-Retro-High-OG-SP-Union-LA-Chicago-Shadow-Product.jpg?fit=fill&bg=FFFFFF&w=700&h=500&fm=webp&auto=compress&q=90&dpr=2&trim=color&updated_at=1740684367,""
132,"Jordan","Jordan","sneakers",196.22727272727272,https://images.stockx.com/images/Air-Jordan-4-Retro-TEX-Denim-Worn-Blue-Womens-Product.jpg?fit=fill&bg=FFFFFF&w=700&h=500&fm=webp&auto=compress&q=90&dpr=2&trim=color&updated_at=1753282422,""
133,"Jordan","Jordan","sneakers",102.48,https://images.stockx.com/images/Air-Jordan-1-Retro-High-OG-Black-Metallic-Gold-Product.jpg?fit=fill&bg=FFFFFF&w=700&h=500&fm=webp&auto=compress&q=90&dpr=2&trim=color&updated_at=1738193358,""
134,"Jordan","Jordan","sneakers",139.54166666666666,https://images.stockx.com/images/Air-Jordan-12-Retro-Flu-Game-2025-GS-Product.jpg?fit=fill&bg=FFFFFF&w=700&h=500&fm=webp&auto=compress&q=90&dpr=2&trim=color&updated_at=1740684307,""
135,"Jordan","Jordan","sneakers",216.75510204081633,https://images.stockx.com/images/Air-Jordan-4-Retro-Rare-Air-Gold-Lettering-Product.jpg?fit=fill&bg=FFFFFF&w=700&h=500&fm=webp&auto=compress&q=90&dpr=2&trim=color&updated_at=1753218411,""
136,"Jordan","Jordan","sneakers",143.6086956521739,https://images.stockx.com/images/Air-Jordan-4-Retro-Rare-Air-GS-Product.jpg?fit=fill&bg=FFFFFF&w=700&h=500&fm=webp&auto=compress&q=90&dpr=2&trim=color&updated_at=1750885833,""
137,"Jordan","Jordan","sneakers",150.83333333333334,https://images.stockx.com/images/Air-Jordan-4-Retro-Bred-Reimagined-GS-Product.jpg?fit=fill&bg=FFFFFF&w=700&h=500&fm=webp&auto=compress&q=90&dpr=2&trim=color&updated_at=1738193358,""
138,"Jordan","Jordan","sneakers",183.85106382978722,https://images.stockx.com/images/Air-Jordan-12-Retro-Melo-2025-Product.jpg?fit=fill&bg=FFFFFF&w=700&h=500&fm=webp&auto=compress&q=90&dpr=2&trim=color&updated_at=1746307352,""
139,"Jordan","Jordan","sneakers",315.5,https://images.stockx.com/images/Air-Jordan-11-Retro-DMP-Defining-Moments-2023-Product.jpg?fit=fill&bg=FFFFFF&w=700&h=500&fm=webp&auto=compress&q=90&dpr=2&trim=color&updated_at=1738193358,""
140,"Jordan","Jordan","sneakers",217.73015873015873,https://images.stockx.com/images/Air-Jordan-3-Retro-Seoul-20-Product.jpg?fit=fill&bg=FFFFFF&w=700&h=500&fm=webp&auto=compress&q=90&dpr=2&trim=color&updated_at=1747257024,""
141,"Jordan","Jordan","sneakers",327.0327868852459,https://images.stockx.com/images/Air-Jordan-1-Retro-High-OG-Chicago-Reimagined-Product.jpg?fit=fill&bg=FFFFFF&w=700&h=500&fm=webp&auto=compress&q=90&dpr=2&trim=color&updated_at=1738193358,""
142,"Jordan","Jordan","sneakers",186.25,https://images.stockx.com/images/Air-Jordan-4-Retro-Seafoam-Sail-Womens-Product.jpg?fit=fill&bg=FFFFFF&w=700&h=500&fm=webp&auto=compress&q=90&dpr=2&trim=color&updated_at=1738193358,""
143,"Jordan","Jordan","sneakers",414.734375,https://images.stockx.com/images/Air-Jordan-1-Retro-Low-OG-SP-Travis-Scott-Canary-Womens-Product.jpg?fit=fill&bg=FFFFFF&w=700&h=500&fm=webp&auto=compress&q=90&dpr=2&trim=color&updated_at=1738193358,""
144,"Jordan","Jordan","sneakers",138.74285714285713,https://images.stockx.com/images/Air-Jordan-1-Low-Midnight-Navy-Neutral-Grey-Product.jpg?fit=fill&bg=FFFFFF&w=700&h=500&fm=webp&auto=compress&q=90&dpr=2&trim=color&updated_at=1743188869,""
145,"Jordan","Jordan","sneakers",142.05,https://images.stockx.com/images/Air-Jordan-1-Low-OG-Obsidian-UNC-Product.jpg?fit=fill&bg=FFFFFF&w=700&h=500&fm=webp&auto=compress&q=90&dpr=2&trim=color&updated_at=1741202496,""
146,"Jordan","Jordan","sneakers",137.4,https://images.stockx.com/images/Air-Jordan-1-High-OG-Black-White-Product.jpg?fit=fill&bg=FFFFFF&w=700&h=500&fm=webp&auto=compress&q=90&dpr=2&trim=color&updated_at=1738193358,""
147,"Jordan","Jordan","sneakers",176.6875,https://images.stockx.com/images/Air-Jordan-3-Retro-Lucky-Shorts-Product.jpg?fit=fill&bg=FFFFFF&w=700&h=500&fm=webp&auto=compress&q=90&dpr=2&trim=color&updated_at=1738777785,""
148,"ASICS","ASICS","sneakers",143.41379310344828,https://images.stockx.com/images/ASICS-Gel-1130-Black-Pure-Silver-Product.jpg?fit=fill&bg=FFFFFF&w=700&h=500&fm=webp&auto=compress&q=90&dpr=2&trim=color&updated_at=1738193358,""
149,"ASICS","ASICS","sneakers",152.89473684210526,https://images.stockx.com/images/ASICS-Gel-1130-White-Pure-Silver-Product.jpg?fit=fill&bg=FFFFFF&w=700&h=500&fm=webp&auto=compress&q=90&dpr=2&trim=color&updated_at=1738193358,""
150,"ASICS","ASICS","sneakers",94.03389830508475,https://images.stockx.com/images/ASICS-Gel-1130-White-Clay-Canyon-Product.jpg?fit=fill&bg=FFFFFF&w=700&h=500&fm=webp&auto=compress&q=90&dpr=2&trim=color&updated_at=1738193358,""
151,"ASICS","ASICS","sneakers",173.14814814814815,https://images.stockx.com/images/ASICS-Gel-NYC-Graphite-Grey-Black-Product.jpg?fit=fill&bg=FFFFFF&w=700&h=500&fm=webp&auto=compress&q=90&dpr=2&trim=color&updated_at=1738193358,""
152,"ASICS","ASICS","sneakers",173.9655172413793,https://images.stockx.com/images/ASICS-Gel-Kayano-14-White-Graphite-Grey-Product.jpg?fit=fill&bg=FFFFFF&w=700&h=500&fm=webp&auto=compress&q=90&dpr=2&trim=color&updated_at=1750860765,""
153,"ASICS","ASICS","sneakers",101.27586206896552,https://images.stockx.com/images/ASICS-Gel-1130-White-Cloud-Grey-Product.jpg?fit=fill&bg=FFFFFF&w=700&h=500&fm=webp&auto=compress&q=90&dpr=2&trim=color&updated_at=1738193358,""
154,"ASICS","ASICS","sneakers",98.54166666666667,https://images.stockx.com/images/ASICS-Gel-1130-Black-Pure-Silver-GS-Product.jpg?fit=fill&bg=FFFFFF&w=700&h=500&fm=webp&auto=compress&q=90&dpr=2&trim=color&updated_at=1752721162,""
155,"ASICS","ASICS","sneakers",135.0909090909091,https://images.stockx.com/images/ASICS-Gel-1130-White-Black-Product.jpg?fit=fill&bg=FFFFFF&w=700&h=500&fm=webp&auto=compress&q=90&dpr=2&trim=color&updated_at=1738193358,""
156,"ASICS","ASICS","sneakers",133.95348837209303,https://images.stockx.com/images/ASICS-Gel-1130-White-Pure-Silver-Pink-Womens-Product.jpg?fit=fill&bg=FFFFFF&w=700&h=500&fm=webp&auto=compress&q=90&dpr=2&trim=color&updated_at=1738193358,""
157,"ASICS","ASICS","sneakers",175.21428571428572,https://images.stockx.com/images/ASICS-Gel-Kayano-14-Black-Pure-Silver-Product.jpg?fit=fill&bg=FFFFFF&w=700&h=500&fm=webp&auto=compress&q=90&dpr=2&trim=color&updated_at=1738193358,""
158,"ASICS","ASICS","sneakers",191.43589743589743,https://images.stockx.com/images/Onitsuka-Tiger-Mexico-66-Kill-Bill-2022-Product.jpg?fit=fill&bg=FFFFFF&w=700&h=500&fm=webp&auto=compress&q=90&dpr=2&trim=color&updated_at=1738193358,""
159,"ASICS","ASICS","sneakers",210.83673469387756,https://images.stockx.com/images/ASICS-Gel-NYC-Cream-Mineral-Beige-Pink-Product.jpg?fit=fill&bg=FFFFFF&w=700&h=500&fm=webp&auto=compress&q=90&dpr=2&trim=color&updated_at=1738193358,""
160,"ASICS","ASICS","sneakers",245.725,https://images.stockx.com/images/ASICS-Gel-NYC-Cream-Grey-Product.jpg?fit=fill&bg=FFFFFF&w=700&h=500&fm=webp&auto=compress&q=90&dpr=2&trim=color&updated_at=1742325783,""
161,"ASICS","ASICS","sneakers",218.14285714285714,https://images.stockx.com/images/ASICS-Gel-NYC-Oyster-Grey-Product.jpg?fit=fill&bg=FFFFFF&w=700&h=500&fm=webp&auto=compress&q=90&dpr=2&trim=color&updated_at=1738193358,""
162,"ASICS","ASICS","sneakers",176.32558139534885,https://images.stockx.com/images/Asics-Gel-Kayano-14-White-Midnight-W-Product.jpg?fit=fill&bg=FFFFFF&w=700&h=500&fm=webp&auto=compress&q=90&dpr=2&trim=color&updated_at=1738193358,""
163,"ASICS","ASICS","sneakers",177.16666666666666,https://images.stockx.com/images/ASICS-Gel-1130-Neon-Pack-Pink-Product.jpg?fit=fill&bg=FFFFFF&w=700&h=500&fm=webp&auto=compress&q=90&dpr=2&trim=color&updated_at=1744933437,""
164,"ASICS","ASICS","sneakers",182.8,https://images.stockx.com/images/Onitsuka-Tiger-Mexico-66-Birch-Peacoat-Product.jpg?fit=fill&bg=FFFFFF&w=700&h=500&fm=webp&auto=compress&q=90&dpr=2&trim=color&updated_at=1738193358,""
165,"ASICS","ASICS","sneakers",196.58823529411765,https://images.stockx.com/images/ASICS-Gel-1130-Black-Graphite-Grey-Product.jpg?fit=fill&bg=FFFFFF&w=700&h=500&fm=webp&auto=compress&q=90&dpr=2&trim=color&updated_at=1738193358,""
166,"ASICS","ASICS","sneakers",326.0192307692308,https://images.stockx.com/images/ASICS-Gel-Kayano-14-Cream-Black-Metallic-Plum-Product.jpg?fit=fill&bg=FFFFFF&w=700&h=500&fm=webp&auto=compress&q=90&dpr=2&trim=color&updated_at=1738193358,""
167,"ASICS","ASICS","sneakers",117.9622641509434,https://images.stockx.com/images/ASICS-Gel-1130-Cream-Kale-Product.jpg?fit=fill&bg=FFFFFF&w=700&h=500&fm=webp&auto=compress&q=90&dpr=2&trim=color&updated_at=1738193358,""
168,"ASICS","ASICS","sneakers",180.75862068965517,https://images.stockx.com/images/Onitsuka-Tiger-Mexico-66-Silver-Off-White-Product.jpg?fit=fill&bg=FFFFFF&w=700&h=500&fm=webp&auto=compress&q=90&dpr=2&trim=color&updated_at=1738193358,""
169,"ASICS","ASICS","sneakers",183.22222222222223,https://images.stockx.com/images/Onitsuka-Tiger-Mexico-66-Black-White-Product.jpg?fit=fill&bg=FFFFFF&w=700&h=500&fm=webp&auto=compress&q=90&dpr=2&trim=color&updated_at=1738193358,""
170,"ASICS","ASICS","sneakers",229.8,https://images.stockx.com/images/ASICS-GT-2160-Black-Pure-Silver-Product.jpg?fit=fill&bg=FFFFFF&w=700&h=500&fm=webp&auto=compress&q=90&dpr=2&trim=color&updated_at=1738193358,""
171,"ASICS","ASICS","sneakers",84.81818181818181,https://images.stockx.com/images/ASICS-Gel-1130-White-Aqua-GS-Product.jpg?fit=fill&bg=FFFFFF&w=700&h=500&fm=webp&auto=compress&q=90&dpr=2&trim=color&updated_at=1738193358,""
172,"ASICS","ASICS","sneakers",278.75925925925924,https://images.stockx.com/images/ASICS-Gel-Kayano-14-Arctic-Sky-Pure-Silver-Womens-Product.jpg?fit=fill&bg=FFFFFF&w=700&h=500&fm=webp&auto=compress&q=90&dpr=2&trim=color&updated_at=1746401150,""
173,"ASICS","ASICS","sneakers",170.51020408163265,https://images.stockx.com/images/ASICS-Gel-1130-Black-Glacier-Grey-Product.jpg?fit=fill&bg=FFFFFF&w=700&h=500&fm=webp&auto=compress&q=90&dpr=2&trim=color&updated_at=1738193358,""
174,"ASICS","ASICS","sneakers",103.77777777777777,https://images.stockx.com/images/ASICS-Gel-1130-White-Midnight-GS-Product.jpg?fit=fill&bg=FFFFFF&w=700&h=500&fm=webp&auto=compress&q=90&dpr=2&trim=color&updated_at=1738193358,""
175,"ASICS","ASICS","sneakers",234.60377358490567,https://images.stockx.com/images/ASICS-GEL-Kayano-14-Cream-Sweet-Pink-Womens-Product.jpg?fit=fill&bg=FFFFFF&w=700&h=500&fm=webp&auto=compress&q=90&dpr=2&trim=color&updated_at=1738193358,""
176,"ASICS","ASICS","sneakers",174.73584905660377,https://images.stockx.com/images/ASICS-Gel-NYC-Cream-Rose-Water-Product.jpg?fit=fill&bg=FFFFFF&w=700&h=500&fm=webp&auto=compress&q=90&dpr=2&trim=color&updated_at=1742845273,""
177,"ASICS","ASICS","sneakers",105.45454545454545,https://images.stockx.com/images/ASICS-Gel-1130-White-Midnight-W-Product.jpg?fit=fill&bg=FFFFFF&w=700&h=500&fm=webp&auto=compress&q=90&dpr=2&trim=color&updated_at=1738193358,""
178,"ASICS","ASICS","sneakers",155.11904761904762,https://images.stockx.com/images/ASICS-Gel-Kayano-14-Birch-Pure-Silver-Product.jpg?fit=fill&bg=FFFFFF&w=700&h=500&fm=webp&auto=compress&q=90&dpr=2&trim=color&updated_at=1738193358,""
179,"ASICS","ASICS","sneakers",140.89795918367346,https://images.stockx.com/images/ASICS-Gel-1130-Cream-Blueberry-Product.jpg?fit=fill&bg=FFFFFF&w=700&h=500&fm=webp&auto=compress&q=90&dpr=2&trim=color&updated_at=1738193358,""
180,"ASICS","ASICS","sneakers",109.84905660377359,https://images.stockx.com/images/ASICS-Gel-1130-Larimar-Blue-Silver-Product.jpg?fit=fill&bg=FFFFFF&w=700&h=500&fm=webp&auto=compress&q=90&dpr=2&trim=color&updated_at=1750860746,""
181,"ASICS","ASICS","sneakers",247.52941176470588,https://images.stockx.com/images/ASICS-Gel-Kayano-14-White-Fjord-Grey-Product.jpg?fit=fill&bg=FFFFFF&w=700&h=500&fm=webp&auto=compress&q=90&dpr=2&trim=color&updated_at=1738193358,""
182,"ASICS","ASICS","sneakers",156.93548387096774,https://images.stockx.com/images/ASICS-Gel-1130-Pink-Black.jpg?fit=fill&bg=FFFFFF&w=700&h=500&fm=webp&auto=compress&q=90&dpr=2&trim=color&updated_at=1748544946,""
183,"ASICS","ASICS","sneakers",219.3939393939394,https://images.stockx.com/images/ASICS-Gel-NYC-Black-Black-Product.jpg?fit=fill&bg=FFFFFF&w=700&h=500&fm=webp&auto=compress&q=90&dpr=2&trim=color&updated_at=1741978532,""
184,"ASICS","ASICS","sneakers",255.88679245283018,https://images.stockx.com/images/ASICS-Gel-NYC-Cream-Arctic-Sky-Product.jpg?fit=fill&bg=FFFFFF&w=700&h=500&fm=webp&auto=compress&q=90&dpr=2&trim=color&updated_at=1741641084,""
185,"ASICS","ASICS","sneakers",129.46511627906978,https://images.stockx.com/images/ASICS-Gel-1130-White-Restful-Teal-Product.jpg?fit=fill&bg=FFFFFF&w=700&h=500&fm=webp&auto=compress&q=90&dpr=2&trim=color&updated_at=1749849117,""
186,"ASICS","ASICS","sneakers",154.025,https://images.stockx.com/images/ASICS-Gel-Kayano-14-Birch-Dark-Pewter-Product.jpg?fit=fill&bg=FFFFFF&w=700&h=500&fm=webp&auto=compress&q=90&dpr=2&trim=color&updated_at=1738193358,""
187,"ASICS","ASICS","sneakers",319.2826086956522,https://images.stockx.com/images/ASICS-Gel-Kayano-14-JJJJound-White-Navy-Product.jpg?fit=fill&bg=FFFFFF&w=700&h=500&fm=webp&auto=compress&q=90&dpr=2&trim=color&updated_at=1750453781,""
188,"ASICS","ASICS","sneakers",104.56521739130434,https://images.stockx.com/images/ASICS-Gel-1130-Cream-Sweet-Pink-GS-Product.jpg?fit=fill&bg=FFFFFF&w=700&h=500&fm=webp&auto=compress&q=90&dpr=2&trim=color&updated_at=1738193358,""
189,"ASICS","ASICS","sneakers",236.0344827586207,https://images.stockx.com/images/Onitsuka-Tiger-Tokuten-White-Black-Gold.jpg?fit=fill&bg=FFFFFF&w=700&h=500&fm=webp&auto=compress&q=90&dpr=2&trim=color&updated_at=1722974836,""
190,"ASICS","ASICS","sneakers",148.14285714285714,https://images.stockx.com/images/ASICS-Gel-NYC-Black-Piedmont-Grey-Product.jpg?fit=fill&bg=FFFFFF&w=700&h=500&fm=webp&auto=compress&q=90&dpr=2&trim=color&updated_at=1740085913,""
191,"ASICS","ASICS","sneakers",265.125,https://images.stockx.com/images/Onitsuka-Tiger-Mexico-66-TGRS-Black-Cream-Womens-Product.jpg?fit=fill&bg=FFFFFF&w=700&h=500&fm=webp&auto=compress&q=90&dpr=2&trim=color&updated_at=1746652387,""
192,"ASICS","ASICS","sneakers",148.96666666666667,https://images.stockx.com/images/ASICS-Gel-1130-Steel-Grey-Pure-Silver.jpg?fit=fill&bg=FFFFFF&w=700&h=500&fm=webp&auto=compress&q=90&dpr=2&trim=color&updated_at=1730780598,""
193,"ASICS","ASICS","sneakers",196.92105263157896,https://images.stockx.com/images/ASICS-Gel-NYC-Glacier-Grey-Gravel-Product.jpg?fit=fill&bg=FFFFFF&w=700&h=500&fm=webp&auto=compress&q=90&dpr=2&trim=color&updated_at=1741978549,""
194,"ASICS","ASICS","sneakers",148.48648648648648,https://images.stockx.com/images/ASICS-Gel-NYC-White-Smoke-Grey-Product.jpg?fit=fill&bg=FFFFFF&w=700&h=500&fm=webp&auto=compress&q=90&dpr=2&trim=color&updated_at=1750860896,""
195,"ASICS","ASICS","sneakers",216.31034482758622,https://images.stockx.com/images/ASICS-Gel-NYC-Cream-Putty-Product.jpg?fit=fill&bg=FFFFFF&w=700&h=500&fm=webp&auto=compress&q=90&dpr=2&trim=color&updated_at=1741202799,""
196,"ASICS","ASICS","sneakers",133.5625,https://images.stockx.com/images/ASICS-Gel-Kayano-14-Oyster-White-Steeple-Grey-Product.jpg?fit=fill&bg=FFFFFF&w=700&h=500&fm=webp&auto=compress&q=90&dpr=2&trim=color&updated_at=1738193358,""
197,"ASICS","ASICS","sneakers",266.8125,https://images.stockx.com/images/ASICS-Gel-Cumulus-16-Cecilie-Bahnsen-Floral-Pack-Black-Product.jpg?fit=fill&bg=FFFFFF&w=700&h=500&fm=webp&auto=compress&q=90&dpr=2&trim=color&updated_at=1752268235,""